<step title="BackgroundTrace" date="2025-11-07T13:30:40.538" instance="c01540" url="/api/zipdeploy" method="POST" >
  <step title="Cleanup Xml Logs" date="2025-11-07T13:30:40.553" /><!-- duration: 0ms -->
  <step title="Updating shutdown sentinel last write time" date="2025-11-07T13:30:40.569" SemaphoreCount="7" /><!-- duration: 0ms -->
  <step title="LockFile &apos;C:\home\site\locks\deployments.lock&apos; acquired" date="2025-11-07T13:30:40.569" /><!-- duration: 16ms -->
  <step title="Creating temporary deployment" date="2025-11-07T13:30:40.585" /><!-- duration: 47ms -->
  <step title="Performing fetch based deployment" date="2025-11-07T13:30:40.631" >
    <step title="Fetching changes." date="2025-11-07T13:30:40.710" /><!-- duration: 16ms -->
    <step title="Starting LocalZipHandler" date="2025-11-07T13:30:40.725" /><!-- duration: 0ms -->
    <step title="Cleaning up temp folders from previous zip deployments and extracting pushed zip file C:\local\Temp\zipdeploy\lhqvmprl.zip (65.94 MB) to C:\local\Temp\zipdeploy\extracted" date="2025-11-07T13:30:40.756" /><!-- duration: 0ms -->
    <step title="Cleaning up temp folders from previous zip deployments and extracting pushed zip file C:\local\Temp\zipdeploy\lhqvmprl.zip (65.94 MB) to C:\local\Temp\zipdeploy\extracted" date="2025-11-07T13:30:40.756" >
      <step title="Extracting 436 entries to C:\local\Temp\zipdeploy\extracted directory" date="2025-11-07T13:30:40.772" >
        <step title="Extracting to C:\local\Temp\zipdeploy\extracted\cs\Microsoft.CodeAnalysis.CSharp.resources.dll ..." date="2025-11-07T13:30:40.788" /><!-- duration: 16ms -->
        <step title="Extracting to C:\local\Temp\zipdeploy\extracted\cs\Microsoft.CodeAnalysis.CSharp.Workspaces.resources.dll ..." date="2025-11-07T13:30:40.803" /><!-- duration: 0ms -->
        <step title="Extracting to C:\local\Temp\zipdeploy\extracted\cs\Microsoft.CodeAnalysis.resources.dll ..." date="2025-11-07T13:30:40.803" /><!-- duration: 16ms -->
        <step title="Extracting to C:\local\Temp\zipdeploy\extracted\cs\Microsoft.CodeAnalysis.Workspaces.resources.dll ..." date="2025-11-07T13:30:40.819" /><!-- duration: 0ms -->
        <step title="Extracting to C:\local\Temp\zipdeploy\extracted\de\Microsoft.CodeAnalysis.CSharp.resources.dll ..." date="2025-11-07T13:30:40.835" /><!-- duration: 0ms -->
        <step title="Omitting extracting file traces ..." date="2025-11-07T13:30:40.835" /><!-- duration: 16ms -->
      </step><!-- duration: 1875ms -->
    </step><!-- duration: 1906ms -->
    <step title="Before sending BuildRequestReceived status to /api/updatedeploystatus" date="2025-11-07T13:30:42.663" /><!-- duration: 0ms -->
    <step title="DeploymentManager.Deploy(id:b37e9c9e3d6a45a8b0d3cb67ec268c3f)" date="2025-11-07T13:30:42.678" >
      <step title="Collecting changeset information" date="2025-11-07T13:30:42.678" /><!-- duration: 31ms -->
      <step title="Updating submodules" date="2025-11-07T13:30:42.725" >
        <step title="Updating submodules." date="2025-11-07T13:30:42.756" /><!-- duration: 0ms -->
      </step><!-- duration: 47ms -->
      <step title="Preparing deployment for commit id &apos;b37e9c9e3d&apos;." date="2025-11-07T13:30:42.803" /><!-- duration: 16ms -->
      <step title="Determining deployment builder" date="2025-11-07T13:30:42.850" >
        <step title="Builder is BasicBuilder" date="2025-11-07T13:30:42.850" /><!-- duration: 0ms -->
      </step><!-- duration: 16ms -->
      <step title="Copying SSH keys" date="2025-11-07T13:30:42.881" /><!-- duration: 0ms -->
      <step title="Building" date="2025-11-07T13:30:42.897" >
        <step title="Generating deployment script." date="2025-11-07T13:30:42.928" /><!-- duration: 0ms -->
        <step title="Generating deployment script" date="2025-11-07T13:30:42.928" >
          <step title="Using the following command to generate deployment script: &apos;azure site deploymentscript -y --no-dot-deployment -r &quot;C:\local\Temp\zipdeploy\extracted&quot; -o &quot;C:\home\site\deployments\tools&quot; --basic --sitePath &quot;C:\local\Temp\zipdeploy\extracted&quot;&apos;." date="2025-11-07T13:30:42.975" /><!-- duration: 0ms -->
          <step title="Executing external process" date="2025-11-07T13:30:42.991" type="process" path="starter.cmd" arguments="&quot;C:\Program Files (x86)\SiteExtensions\Kudu\2025.09.1.1\bin\node_modules\.bin\kuduscript.cmd&quot; -y --no-dot-deployment -r &quot;C:\local\Temp\zipdeploy\extracted&quot; -o &quot;C:\home\site\deployments\tools&quot; --basic --sitePath &quot;C:\local\Temp\zipdeploy\extracted&quot;" >
            <step title="Generating deployment script for Web Site" date="2025-11-07T13:30:43.116" /><!-- duration: 0ms -->
            <step title="Generated deployment script files" date="2025-11-07T13:30:43.131" /><!-- duration: 0ms -->
          </step><!-- duration: 141ms -->
          <step title="Saved cached version of the deployment script for command -y --no-dot-deployment -r &quot;C:\local\Temp\zipdeploy\extracted&quot; -o &quot;C:\home\site\deployments\tools&quot; --basic --sitePath &quot;C:\local\Temp\zipdeploy\extracted&quot;" date="2025-11-07T13:30:43.147" /><!-- duration: 0ms -->
        </step><!-- duration: 219ms -->
        <step title="Running deployment command..." date="2025-11-07T13:30:43.194" /><!-- duration: 0ms -->
        <step title="Command: &quot;C:\home\site\deployments\tools\deploy.cmd&quot;" date="2025-11-07T13:30:43.210" /><!-- duration: 0ms -->
        <step title="Executing external process" date="2025-11-07T13:30:43.225" type="process" path="starter.cmd" arguments="&quot;C:\home\site\deployments\tools\deploy.cmd&quot;" >
          <step title="Handling Basic Web Site deployment." date="2025-11-07T13:30:43.335" /><!-- duration: 0ms -->
          <step title="Creating app_offline.htm" date="2025-11-07T13:30:43.600" /><!-- duration: 0ms -->
          <step title="KuduSync.NET from: &apos;C:\local\Temp\zipdeploy\extracted&apos; to: &apos;C:\home\site\wwwroot&apos;" date="2025-11-07T13:30:43.616" /><!-- duration: 0ms -->
          <step title="Deleting file: &apos;hostingstart.html&apos;" date="2025-11-07T13:30:43.631" /><!-- duration: 0ms -->
          <step title="Copying file: &apos;appsettings.Development.json&apos;" date="2025-11-07T13:30:43.647" /><!-- duration: 0ms -->
          <step title="Copying file: &apos;appsettings.json&apos;" date="2025-11-07T13:30:43.647" /><!-- duration: 0ms -->
          <step title="Copying file: &apos;appsettings.Production.json&apos;" date="2025-11-07T13:30:43.663" /><!-- duration: 0ms -->
          <step title="Copying file: &apos;BCrypt.Net-Next.dll&apos;" date="2025-11-07T13:30:43.678" /><!-- duration: 0ms -->
          <step title="Copying file: &apos;ComputerStore.deps.json&apos;" date="2025-11-07T13:30:43.694" /><!-- duration: 0ms -->
          <step title="Copying file: &apos;ComputerStore.dll&apos;" date="2025-11-07T13:30:43.694" /><!-- duration: 16ms -->
          <step title="Copying file: &apos;ComputerStore.exe&apos;" date="2025-11-07T13:30:43.710" /><!-- duration: 0ms -->
          <step title="Copying file: &apos;ComputerStore.pdb&apos;" date="2025-11-07T13:30:43.725" /><!-- duration: 0ms -->
          <step title="Copying file: &apos;ComputerStore.runtimeconfig.json&apos;" date="2025-11-07T13:30:43.725" /><!-- duration: 16ms -->
          <step title="Copying file: &apos;ComputerStore.staticwebassets.endpoints.json&apos;" date="2025-11-07T13:30:43.741" /><!-- duration: 0ms -->
          <step title="Copying file: &apos;EPPlus.dll&apos;" date="2025-11-07T13:30:43.756" /><!-- duration: 0ms -->
          <step title="Copying file: &apos;Humanizer.dll&apos;" date="2025-11-07T13:30:43.772" /><!-- duration: 0ms -->
          <step title="Copying file: &apos;Microsoft.AspNetCore.Identity.EntityFrameworkCore.dll&apos;" date="2025-11-07T13:30:43.772" /><!-- duration: 16ms -->
          <step title="Copying file: &apos;Microsoft.AspNetCore.Identity.UI.dll&apos;" date="2025-11-07T13:30:43.819" /><!-- duration: 0ms -->
          <step title="Copying file: &apos;Microsoft.Bcl.AsyncInterfaces.dll&apos;" date="2025-11-07T13:30:43.819" /><!-- duration: 0ms -->
          <step title="Copying file: &apos;Microsoft.CodeAnalysis.CSharp.dll&apos;" date="2025-11-07T13:30:43.835" /><!-- duration: 0ms -->
          <step title="Copying file: &apos;Microsoft.CodeAnalysis.CSharp.Workspaces.dll&apos;" date="2025-11-07T13:30:43.850" /><!-- duration: 0ms -->
          <step title="Copying file: &apos;Microsoft.CodeAnalysis.dll&apos;" date="2025-11-07T13:30:43.850" /><!-- duration: 0ms -->
          <step title="Copying file: &apos;Microsoft.CodeAnalysis.Workspaces.dll&apos;" date="2025-11-07T13:30:43.866" /><!-- duration: 0ms -->
          <step title="Copying file: &apos;Microsoft.Data.Sqlite.dll&apos;" date="2025-11-07T13:30:43.881" /><!-- duration: 16ms -->
          <step title="Copying file: &apos;Microsoft.EntityFrameworkCore.Abstractions.dll&apos;" date="2025-11-07T13:30:43.897" /><!-- duration: 0ms -->
          <step title="Copying file: &apos;Microsoft.EntityFrameworkCore.Design.dll&apos;" date="2025-11-07T13:30:43.913" /><!-- duration: 0ms -->
          <step title="Copying file: &apos;Microsoft.EntityFrameworkCore.dll&apos;" date="2025-11-07T13:30:43.913" /><!-- duration: 16ms -->
          <step title="Copying file: &apos;Microsoft.EntityFrameworkCore.Relational.Design.dll&apos;" date="2025-11-07T13:30:43.928" /><!-- duration: 0ms -->
          <step title="Copying file: &apos;Microsoft.EntityFrameworkCore.Relational.dll&apos;" date="2025-11-07T13:30:43.944" /><!-- duration: 0ms -->
          <step title="Copying file: &apos;Microsoft.EntityFrameworkCore.Sqlite.dll&apos;" date="2025-11-07T13:30:43.960" /><!-- duration: 0ms -->
          <step title="Copying file: &apos;Microsoft.Extensions.DependencyModel.dll&apos;" date="2025-11-07T13:30:43.960" /><!-- duration: 16ms -->
          <step title="Copying file: &apos;Microsoft.Win32.SystemEvents.dll&apos;" date="2025-11-07T13:30:43.975" /><!-- duration: 0ms -->
          <step title="Copying file: &apos;Mono.TextTemplating.dll&apos;" date="2025-11-07T13:30:43.991" /><!-- duration: 0ms -->
          <step title="Copying file: &apos;Npgsql.dll&apos;" date="2025-11-07T13:30:44.006" /><!-- duration: 0ms -->
          <step title="Copying file: &apos;Npgsql.EntityFrameworkCore.PostgreSQL.Design.dll&apos;" date="2025-11-07T13:30:44.022" /><!-- duration: 0ms -->
          <step title="Copying file: &apos;Npgsql.EntityFrameworkCore.PostgreSQL.dll&apos;" date="2025-11-07T13:30:44.022" /><!-- duration: 0ms -->
          <step title="Copying file: &apos;QuestPDF.dll&apos;" date="2025-11-07T13:30:44.038" /><!-- duration: 0ms -->
          <step title="Copying file: &apos;SQLitePCLRaw.batteries_v2.dll&apos;" date="2025-11-07T13:30:44.053" /><!-- duration: 0ms -->
          <step title="Copying file: &apos;SQLitePCLRaw.core.dll&apos;" date="2025-11-07T13:30:44.053" /><!-- duration: 16ms -->
          <step title="Copying file: &apos;SQLitePCLRaw.provider.e_sqlite3.dll&apos;" date="2025-11-07T13:30:44.069" /><!-- duration: 0ms -->
          <step title="Copying file: &apos;System.CodeDom.dll&apos;" date="2025-11-07T13:30:44.085" /><!-- duration: 0ms -->
          <step title="Copying file: &apos;System.Composition.AttributedModel.dll&apos;" date="2025-11-07T13:30:44.100" /><!-- duration: 0ms -->
          <step title="Copying file: &apos;System.Composition.Convention.dll&apos;" date="2025-11-07T13:30:44.116" /><!-- duration: 0ms -->
          <step title="Copying file: &apos;System.Composition.Hosting.dll&apos;" date="2025-11-07T13:30:44.116" /><!-- duration: 16ms -->
          <step title="Copying file: &apos;System.Composition.Runtime.dll&apos;" date="2025-11-07T13:30:44.131" /><!-- duration: 0ms -->
          <step title="Copying file: &apos;System.Composition.TypedParts.dll&apos;" date="2025-11-07T13:30:44.147" /><!-- duration: 0ms -->
          <step title="Copying file: &apos;System.Drawing.Common.dll&apos;" date="2025-11-07T13:30:44.147" /><!-- duration: 16ms -->
          <step title="Copying file: &apos;System.Xml.XPath.XmlDocument.dll&apos;" date="2025-11-07T13:30:44.163" /><!-- duration: 0ms -->
          <step title="Copying file: &apos;UAParser.dll&apos;" date="2025-11-07T13:30:44.178" /><!-- duration: 0ms -->
          <step title="Copying file: &apos;cs\Microsoft.CodeAnalysis.CSharp.resources.dll&apos;" date="2025-11-07T13:30:44.178" /><!-- duration: 16ms -->
          <step title="Copying file: &apos;cs\Microsoft.CodeAnalysis.CSharp.Workspaces.resources.dll&apos;" date="2025-11-07T13:30:44.194" /><!-- duration: 0ms -->
          <step title="Omitting next output lines..." date="2025-11-07T13:30:44.210" /><!-- duration: 0ms -->
          <step title="Finished successfully." date="2025-11-07T13:30:51.227" /><!-- duration: 0ms -->
        </step><!-- duration: 8002ms -->
        <step title="Running post deployment command(s)..." date="2025-11-07T13:30:51.259" /><!-- duration: 16ms -->
        <step title="Triggering recycle (preview mode disabled)." date="2025-11-07T13:30:51.305" /><!-- duration: 0ms -->
        <step title="Ignoring FS watcher based recycle request as this is a classic Windows app." date="2025-11-07T13:30:51.321" /><!-- duration: 0ms -->
        <step title="Deployment successful. DEPLOYMENTINFO: deploymentPath = ZipDeploy. Extract zip. , deployer = ZipDeploy, os = windows, sku = Free, siteName = compuhipermegared, siteHostName = compuhipermegared-bfa4huctcxhzbdbk.canadacentral-01.azurewebsites.net, deploymentStatus = Success" date="2025-11-07T13:30:51.352" /><!-- duration: 0ms -->
      </step><!-- duration: 8549ms -->
    </step><!-- duration: 8768ms -->
    <step title="Cleaning up temp files" date="2025-11-07T13:30:51.462" /><!-- duration: 0ms -->
    <step title="Skip function trigger and logicapp sync because function is not enabled." date="2025-11-07T13:30:51.477" /><!-- duration: 0ms -->
  </step><!-- duration: 10861ms -->
  <step title="LockFile &apos;C:\home\site\locks\deployments.lock&apos; released" date="2025-11-07T13:30:51.493" /><!-- duration: 0ms -->
  <step title="Deleting shutdown sentinel file" date="2025-11-07T13:30:51.509" SemaphoreCount="8" /><!-- duration: 0ms -->
</step><!-- duration: 10971ms -->
