<step title="Incoming Request" date="2025-11-07T19:11:20.986" instance="c01540" url="/api/zipdeploy?isAsync=true" method="POST" type="request" pid="4500,2,8" Cache-Control="no-cache" Connection="Keep-Alive" Content-Length="69157910" Content-Type="application/octet-stream" Accept="*/*" Accept-Encoding="gzip, deflate" Authorization="Bea..." Host="compuhipermegared-bfa4huctcxhzbdbk.scm.canadacentral-01.azurewebsites.net" User-Agent="AZURECLI/2.79.0 (MSI)" x-ms-client-request-id="8302e642-bc0d-11f0-ba61-005056c00008" X-ARR-LOG-ID="8302e642-bc0d-11f0-ba61-005056c00008" CLIENT-IP="200.118.60.49:10475" X-SITE-DEPLOYMENT-ID="compuhipermegared" WAS-DEFAULT-HOSTNAME="compuhipermegared-bfa4huctcxhzbdbk.scm.canadacentral-01.azurewebsites.net" X-Forwarded-Proto="https" X-AppService-Proto="https" X-Forwarded-TlsVersion="1.3" X-WAWS-Unencoded-URL="/api/zipdeploy?isAsync=true" X-MS-COLDSTART="1" >
  <step title="ZipPushDeploy" date="2025-11-07T19:11:21.502" >
    <step title="ZipDeploy. Extract zip. " date="2025-11-07T19:11:21.518" /><!-- duration: 0ms -->
    <step title="Starting PushDeployAsync" date="2025-11-07T19:11:21.518" /><!-- duration: 16ms -->
    <step title="Updating shutdown sentinel last write time" date="2025-11-07T19:11:21.564" SemaphoreCount="7" /><!-- duration: 16ms -->
    <step title="LockFile &apos;C:\home\site\locks\deployments.lock&apos; acquired" date="2025-11-07T19:11:21.580" /><!-- duration: 0ms -->
    <step title="Saving request content to C:\local\Temp\zipdeploy\24ewh3ok.zip" date="2025-11-07T19:11:21.580" >
      <step title="Total 69,157,910 bytes written to C:\local\Temp\zipdeploy\24ewh3ok.zip" date="2025-11-07T19:11:32.191" /><!-- duration: 0ms -->
    </step><!-- duration: 10627ms -->
    <step title="LockFile &apos;C:\home\site\locks\deployments.lock&apos; released" date="2025-11-07T19:11:32.207" /><!-- duration: 0ms -->
    <step title="Deleting shutdown sentinel file" date="2025-11-07T19:11:32.223" SemaphoreCount="8" /><!-- duration: 0ms -->
    <step title="Starting FetchDeploy" date="2025-11-07T19:11:32.223" /><!-- duration: 16ms -->
    <step title="Start deployment in the background" date="2025-11-07T19:11:32.238" /><!-- duration: 109ms -->
  </step><!-- duration: 10846ms -->
  <step title="Outgoing response" date="2025-11-07T19:11:32.395" type="response" statusCode="202" statusText="Accepted" Server="Microsoft-IIS/10.0" x-ms-request-id="8302e642-bc0d-11f0-ba61-005056c00008" Retry-After="30" Cache-Control="private" X-AspNet-Version="4.0.30319" Location="https://compuhipermegared-bfa4huctcxhzbdbk.scm.canadacentral-01.azurewebsites.net/api/deployments/latest?deployer=ZipDeploy&amp;time=2025-11-07_19-11-32Z" /><!-- duration: 0ms -->
</step><!-- duration: 11408ms -->
