<step title="BackgroundTrace" date="2025-11-07T16:17:07.877" instance="c01540" url="/api/zipdeploy" method="POST" >
  <step title="Cleanup Xml Logs" date="2025-11-07T16:17:07.877" /><!-- duration: 16ms -->
  <step title="Updating shutdown sentinel last write time" date="2025-11-07T16:17:07.908" SemaphoreCount="7" /><!-- duration: 0ms -->
  <step title="LockFile &apos;C:\home\site\locks\deployments.lock&apos; acquired" date="2025-11-07T16:17:07.908" /><!-- duration: 0ms -->
  <step title="Creating temporary deployment" date="2025-11-07T16:17:07.924" /><!-- duration: 31ms -->
  <step title="Performing fetch based deployment" date="2025-11-07T16:17:07.971" >
    <step title="Fetching changes." date="2025-11-07T16:17:08.033" /><!-- duration: 0ms -->
    <step title="Starting LocalZipHandler" date="2025-11-07T16:17:08.049" /><!-- duration: 0ms -->
    <step title="Cleaning up temp folders from previous zip deployments and extracting pushed zip file C:\local\Temp\zipdeploy\121ysugs.zip (65.95 MB) to C:\local\Temp\zipdeploy\extracted" date="2025-11-07T16:17:08.065" /><!-- duration: 16ms -->
    <step title="Cleaning up temp folders from previous zip deployments and extracting pushed zip file C:\local\Temp\zipdeploy\121ysugs.zip (65.95 MB) to C:\local\Temp\zipdeploy\extracted" date="2025-11-07T16:17:08.080" >
      <step title="Extracting 436 entries to C:\local\Temp\zipdeploy\extracted directory" date="2025-11-07T16:17:08.096" >
        <step title="Extracting to C:\local\Temp\zipdeploy\extracted\cs\Microsoft.CodeAnalysis.CSharp.resources.dll ..." date="2025-11-07T16:17:08.096" /><!-- duration: 16ms -->
        <step title="Extracting to C:\local\Temp\zipdeploy\extracted\cs\Microsoft.CodeAnalysis.CSharp.Workspaces.resources.dll ..." date="2025-11-07T16:17:08.127" /><!-- duration: 0ms -->
        <step title="Extracting to C:\local\Temp\zipdeploy\extracted\cs\Microsoft.CodeAnalysis.resources.dll ..." date="2025-11-07T16:17:08.127" /><!-- duration: 16ms -->
        <step title="Extracting to C:\local\Temp\zipdeploy\extracted\cs\Microsoft.CodeAnalysis.Workspaces.resources.dll ..." date="2025-11-07T16:17:08.143" /><!-- duration: 0ms -->
        <step title="Extracting to C:\local\Temp\zipdeploy\extracted\de\Microsoft.CodeAnalysis.CSharp.resources.dll ..." date="2025-11-07T16:17:08.143" /><!-- duration: 16ms -->
        <step title="Omitting extracting file traces ..." date="2025-11-07T16:17:08.158" /><!-- duration: 0ms -->
      </step><!-- duration: 1891ms -->
    </step><!-- duration: 1906ms -->
    <step title="Before sending BuildRequestReceived status to /api/updatedeploystatus" date="2025-11-07T16:17:09.987" /><!-- duration: 16ms -->
    <step title="DeploymentManager.Deploy(id:2ac4d9c67f8d40eaa4641057af5bb971)" date="2025-11-07T16:17:10.002" >
      <step title="Collecting changeset information" date="2025-11-07T16:17:10.018" /><!-- duration: 16ms -->
      <step title="Updating submodules" date="2025-11-07T16:17:10.033" >
        <step title="Updating submodules." date="2025-11-07T16:17:10.065" /><!-- duration: 16ms -->
      </step><!-- duration: 47ms -->
      <step title="Preparing deployment for commit id &apos;2ac4d9c67f&apos;." date="2025-11-07T16:17:10.112" /><!-- duration: 0ms -->
      <step title="Determining deployment builder" date="2025-11-07T16:17:10.143" >
        <step title="Builder is BasicBuilder" date="2025-11-07T16:17:10.143" /><!-- duration: 16ms -->
      </step><!-- duration: 16ms -->
      <step title="Copying SSH keys" date="2025-11-07T16:17:10.174" /><!-- duration: 0ms -->
      <step title="Building" date="2025-11-07T16:17:10.190" >
        <step title="Generating deployment script." date="2025-11-07T16:17:10.205" /><!-- duration: 16ms -->
        <step title="Generating deployment script" date="2025-11-07T16:17:10.221" >
          <step title="Using cached version of the deployment script for command: -y --no-dot-deployment -r &quot;C:\local\Temp\zipdeploy\extracted&quot; -o &quot;C:\home\site\deployments\tools&quot; --basic --sitePath &quot;C:\local\Temp\zipdeploy\extracted&quot;" date="2025-11-07T16:17:10.268" /><!-- duration: 0ms -->
          <step title="Using cached version of deployment script (command: &apos;azure -y --no-dot-deployment -r &quot;C:\local\Temp\zipdeploy\extracted&quot; -o &quot;C:\home\site\deployments\tools&quot; --basic --sitePath &quot;C:\local\Temp\zipdeploy\extracted&quot;&apos;)." date="2025-11-07T16:17:10.268" /><!-- duration: 16ms -->
        </step><!-- duration: 62ms -->
        <step title="Running deployment command..." date="2025-11-07T16:17:10.315" /><!-- duration: 0ms -->
        <step title="Command: &quot;C:\home\site\deployments\tools\deploy.cmd&quot;" date="2025-11-07T16:17:10.330" /><!-- duration: 16ms -->
        <step title="Executing external process" date="2025-11-07T16:17:10.346" type="process" path="starter.cmd" arguments="&quot;C:\home\site\deployments\tools\deploy.cmd&quot;" >
          <step title="Handling Basic Web Site deployment." date="2025-11-07T16:17:10.471" /><!-- duration: 0ms -->
          <step title="Creating app_offline.htm" date="2025-11-07T16:17:11.221" /><!-- duration: 0ms -->
          <step title="KuduSync.NET from: &apos;C:\local\Temp\zipdeploy\extracted&apos; to: &apos;C:\home\site\wwwroot&apos;" date="2025-11-07T16:17:11.237" /><!-- duration: 0ms -->
          <step title="Copying file: &apos;appsettings.Production.json&apos;" date="2025-11-07T16:17:11.252" /><!-- duration: 0ms -->
          <step title="Copying file: &apos;ComputerStore.dll&apos;" date="2025-11-07T16:17:11.252" /><!-- duration: 16ms -->
          <step title="Copying file: &apos;ComputerStore.exe&apos;" date="2025-11-07T16:17:11.268" /><!-- duration: 0ms -->
          <step title="Copying file: &apos;ComputerStore.pdb&apos;" date="2025-11-07T16:17:11.283" /><!-- duration: 0ms -->
          <step title="Deleting app_offline.htm" date="2025-11-07T16:17:11.283" /><!-- duration: 16ms -->
          <step title="Finished successfully." date="2025-11-07T16:17:11.299" /><!-- duration: 0ms -->
        </step><!-- duration: 969ms -->
        <step title="Running post deployment command(s)..." date="2025-11-07T16:17:11.346" /><!-- duration: 0ms -->
        <step title="Triggering recycle (preview mode disabled)." date="2025-11-07T16:17:11.377" /><!-- duration: 16ms -->
        <step title="Ignoring FS watcher based recycle request as this is a classic Windows app." date="2025-11-07T16:17:11.393" /><!-- duration: 0ms -->
        <step title="Deployment successful. DEPLOYMENTINFO: deploymentPath = ZipDeploy. Extract zip. , deployer = ZipDeploy, os = windows, sku = Free, siteName = compuhipermegared, siteHostName = compuhipermegared-bfa4huctcxhzbdbk.canadacentral-01.azurewebsites.net, deploymentStatus = Success" date="2025-11-07T16:17:11.424" /><!-- duration: 16ms -->
      </step><!-- duration: 1344ms -->
    </step><!-- duration: 1547ms -->
    <step title="Cleaning up temp files" date="2025-11-07T16:17:11.549" /><!-- duration: 0ms -->
    <step title="Skip function trigger and logicapp sync because function is not enabled." date="2025-11-07T16:17:11.565" /><!-- duration: 0ms -->
  </step><!-- duration: 3625ms -->
  <step title="LockFile &apos;C:\home\site\locks\deployments.lock&apos; released" date="2025-11-07T16:17:11.612" /><!-- duration: 0ms -->
  <step title="Deleting shutdown sentinel file" date="2025-11-07T16:17:11.612" SemaphoreCount="8" /><!-- duration: 0ms -->
</step><!-- duration: 3750ms -->
