<step title="Incoming Request" date="2025-11-07T16:16:54.172" instance="c01540" url="/api/zipdeploy?isAsync=true" method="POST" type="request" pid="9984,2,8" Cache-Control="no-cache" Content-Length="69157910" Content-Type="application/octet-stream" Accept="*/*" Accept-Encoding="gzip, deflate" Authorization="Bea..." Host="compuhipermegared-bfa4huctcxhzbdbk.scm.canadacentral-01.azurewebsites.net" User-Agent="AZURECLI/2.79.0 (MSI)" x-ms-client-request-id="2703635b-bbf5-11f0-aabe-005056c00008" X-ARR-LOG-ID="2703635b-bbf5-11f0-aabe-005056c00008" CLIENT-IP="200.118.60.49:8616" X-SITE-DEPLOYMENT-ID="compuhipermegared" WAS-DEFAULT-HOSTNAME="compuhipermegared-bfa4huctcxhzbdbk.scm.canadacentral-01.azurewebsites.net" X-Forwarded-Proto="https" X-AppService-Proto="https" X-Forwarded-TlsVersion="1.3" X-WAWS-Unencoded-URL="/api/zipdeploy?isAsync=true" >
  <step title="ZipPushDeploy" date="2025-11-07T16:16:54.438" >
    <step title="ZipDeploy. Extract zip. " date="2025-11-07T16:16:54.453" /><!-- duration: 16ms -->
    <step title="Starting PushDeployAsync" date="2025-11-07T16:16:54.469" /><!-- duration: 16ms -->
    <step title="Updating shutdown sentinel last write time" date="2025-11-07T16:16:54.500" SemaphoreCount="7" /><!-- duration: 0ms -->
    <step title="LockFile &apos;C:\home\site\locks\deployments.lock&apos; acquired" date="2025-11-07T16:16:54.516" /><!-- duration: 0ms -->
    <step title="Saving request content to C:\local\Temp\zipdeploy\121ysugs.zip" date="2025-11-07T16:16:54.516" >
      <step title="Total 69,157,910 bytes written to C:\local\Temp\zipdeploy\121ysugs.zip" date="2025-11-07T16:17:07.830" /><!-- duration: 0ms -->
    </step><!-- duration: 13314ms -->
    <step title="LockFile &apos;C:\home\site\locks\deployments.lock&apos; released" date="2025-11-07T16:17:07.846" /><!-- duration: 0ms -->
    <step title="Deleting shutdown sentinel file" date="2025-11-07T16:17:07.846" SemaphoreCount="8" /><!-- duration: 16ms -->
    <step title="Starting FetchDeploy" date="2025-11-07T16:17:07.862" /><!-- duration: 0ms -->
    <step title="Start deployment in the background" date="2025-11-07T16:17:07.877" /><!-- duration: 78ms -->
  </step><!-- duration: 13533ms -->
  <step title="Outgoing response" date="2025-11-07T16:17:08.002" type="response" statusCode="202" statusText="Accepted" Server="Microsoft-IIS/10.0" x-ms-request-id="2703635b-bbf5-11f0-aabe-005056c00008" Retry-After="30" Cache-Control="private" X-AspNet-Version="4.0.30319" Location="https://compuhipermegared-bfa4huctcxhzbdbk.scm.canadacentral-01.azurewebsites.net/api/deployments/latest?deployer=ZipDeploy&amp;time=2025-11-07_16-17-07Z" /><!-- duration: 0ms -->
</step><!-- duration: 13830ms -->
