<step title="BackgroundTrace" date="2025-11-07T14:29:20.310" instance="c01540" url="/api/zipdeploy" method="POST" >
  <step title="Cleanup Xml Logs" date="2025-11-07T14:29:20.310" /><!-- duration: 16ms -->
  <step title="Updating shutdown sentinel last write time" date="2025-11-07T14:29:20.341" SemaphoreCount="7" /><!-- duration: 0ms -->
  <step title="LockFile &apos;C:\home\site\locks\deployments.lock&apos; acquired" date="2025-11-07T14:29:20.341" /><!-- duration: 0ms -->
  <step title="Creating temporary deployment" date="2025-11-07T14:29:20.357" /><!-- duration: 47ms -->
  <step title="Performing fetch based deployment" date="2025-11-07T14:29:20.419" >
    <step title="Fetching changes." date="2025-11-07T14:29:20.482" /><!-- duration: 0ms -->
    <step title="Starting LocalZipHandler" date="2025-11-07T14:29:20.482" /><!-- duration: 16ms -->
    <step title="Cleaning up temp folders from previous zip deployments and extracting pushed zip file C:\local\Temp\zipdeploy\3xpw2ffk.zip (65.94 MB) to C:\local\Temp\zipdeploy\extracted" date="2025-11-07T14:29:20.560" /><!-- duration: 16ms -->
    <step title="Cleaning up temp folders from previous zip deployments and extracting pushed zip file C:\local\Temp\zipdeploy\3xpw2ffk.zip (65.94 MB) to C:\local\Temp\zipdeploy\extracted" date="2025-11-07T14:29:20.575" >
      <step title="Extracting 436 entries to C:\local\Temp\zipdeploy\extracted directory" date="2025-11-07T14:29:20.607" >
        <step title="Extracting to C:\local\Temp\zipdeploy\extracted\cs\Microsoft.CodeAnalysis.CSharp.resources.dll ..." date="2025-11-07T14:29:20.607" /><!-- duration: 16ms -->
        <step title="Extracting to C:\local\Temp\zipdeploy\extracted\cs\Microsoft.CodeAnalysis.CSharp.Workspaces.resources.dll ..." date="2025-11-07T14:29:20.638" /><!-- duration: 0ms -->
        <step title="Extracting to C:\local\Temp\zipdeploy\extracted\cs\Microsoft.CodeAnalysis.resources.dll ..." date="2025-11-07T14:29:20.638" /><!-- duration: 16ms -->
        <step title="Extracting to C:\local\Temp\zipdeploy\extracted\cs\Microsoft.CodeAnalysis.Workspaces.resources.dll ..." date="2025-11-07T14:29:20.654" /><!-- duration: 0ms -->
        <step title="Extracting to C:\local\Temp\zipdeploy\extracted\de\Microsoft.CodeAnalysis.CSharp.resources.dll ..." date="2025-11-07T14:29:20.669" /><!-- duration: 0ms -->
        <step title="Omitting extracting file traces ..." date="2025-11-07T14:29:20.685" /><!-- duration: 0ms -->
      </step><!-- duration: 1906ms -->
    </step><!-- duration: 1938ms -->
    <step title="Before sending BuildRequestReceived status to /api/updatedeploystatus" date="2025-11-07T14:29:22.529" /><!-- duration: 0ms -->
    <step title="DeploymentManager.Deploy(id:bf8a5ca4f7eb43e9b94e304092b43288)" date="2025-11-07T14:29:22.529" >
      <step title="Collecting changeset information" date="2025-11-07T14:29:22.560" /><!-- duration: 16ms -->
      <step title="Updating submodules" date="2025-11-07T14:29:22.591" >
        <step title="Updating submodules." date="2025-11-07T14:29:22.622" /><!-- duration: 0ms -->
      </step><!-- duration: 31ms -->
      <step title="Preparing deployment for commit id &apos;bf8a5ca4f7&apos;." date="2025-11-07T14:29:22.669" /><!-- duration: 0ms -->
      <step title="Determining deployment builder" date="2025-11-07T14:29:22.700" >
        <step title="Builder is BasicBuilder" date="2025-11-07T14:29:22.700" /><!-- duration: 0ms -->
      </step><!-- duration: 16ms -->
      <step title="Copying SSH keys" date="2025-11-07T14:29:22.732" /><!-- duration: 0ms -->
      <step title="Building" date="2025-11-07T14:29:22.747" >
        <step title="Generating deployment script." date="2025-11-07T14:29:22.779" /><!-- duration: 0ms -->
        <step title="Generating deployment script" date="2025-11-07T14:29:22.779" >
          <step title="Using cached version of the deployment script for command: -y --no-dot-deployment -r &quot;C:\local\Temp\zipdeploy\extracted&quot; -o &quot;C:\home\site\deployments\tools&quot; --basic --sitePath &quot;C:\local\Temp\zipdeploy\extracted&quot;" date="2025-11-07T14:29:22.825" /><!-- duration: 0ms -->
          <step title="Using cached version of deployment script (command: &apos;azure -y --no-dot-deployment -r &quot;C:\local\Temp\zipdeploy\extracted&quot; -o &quot;C:\home\site\deployments\tools&quot; --basic --sitePath &quot;C:\local\Temp\zipdeploy\extracted&quot;&apos;)." date="2025-11-07T14:29:22.841" /><!-- duration: 0ms -->
        </step><!-- duration: 62ms -->
        <step title="Running deployment command..." date="2025-11-07T14:29:22.872" /><!-- duration: 16ms -->
        <step title="Command: &quot;C:\home\site\deployments\tools\deploy.cmd&quot;" date="2025-11-07T14:29:22.904" /><!-- duration: 0ms -->
        <step title="Executing external process" date="2025-11-07T14:29:22.919" type="process" path="starter.cmd" arguments="&quot;C:\home\site\deployments\tools\deploy.cmd&quot;" >
          <step title="Handling Basic Web Site deployment." date="2025-11-07T14:29:23.044" /><!-- duration: 16ms -->
          <step title="Creating app_offline.htm" date="2025-11-07T14:29:23.622" /><!-- duration: 0ms -->
          <step title="KuduSync.NET from: &apos;C:\local\Temp\zipdeploy\extracted&apos; to: &apos;C:\home\site\wwwroot&apos;" date="2025-11-07T14:29:23.638" /><!-- duration: 0ms -->
          <step title="Copying file: &apos;appsettings.Production.json&apos;" date="2025-11-07T14:29:23.654" /><!-- duration: 0ms -->
          <step title="Deleting app_offline.htm" date="2025-11-07T14:29:23.654" /><!-- duration: 0ms -->
          <step title="Finished successfully." date="2025-11-07T14:29:23.669" /><!-- duration: 0ms -->
        </step><!-- duration: 766ms -->
        <step title="Running post deployment command(s)..." date="2025-11-07T14:29:23.716" /><!-- duration: 16ms -->
        <step title="Triggering recycle (preview mode disabled)." date="2025-11-07T14:29:23.763" /><!-- duration: 0ms -->
        <step title="Ignoring FS watcher based recycle request as this is a classic Windows app." date="2025-11-07T14:29:23.779" /><!-- duration: 0ms -->
        <step title="Deployment successful. DEPLOYMENTINFO: deploymentPath = ZipDeploy. Extract zip. , deployer = ZipDeploy, os = windows, sku = Free, siteName = compuhipermegared, siteHostName = compuhipermegared-bfa4huctcxhzbdbk.canadacentral-01.azurewebsites.net, deploymentStatus = Success" date="2025-11-07T14:29:23.810" /><!-- duration: 16ms -->
      </step><!-- duration: 1188ms -->
    </step><!-- duration: 1407ms -->
    <step title="Cleaning up temp files" date="2025-11-07T14:29:23.935" /><!-- duration: 16ms -->
    <step title="Skip function trigger and logicapp sync because function is not enabled." date="2025-11-07T14:29:23.951" /><!-- duration: 0ms -->
  </step><!-- duration: 3579ms -->
  <step title="LockFile &apos;C:\home\site\locks\deployments.lock&apos; released" date="2025-11-07T14:29:23.998" /><!-- duration: 0ms -->
  <step title="Deleting shutdown sentinel file" date="2025-11-07T14:29:24.014" SemaphoreCount="8" /><!-- duration: 0ms -->
</step><!-- duration: 3704ms -->
