{"TimeStamp":"2025-11-07T14:29:23Z","SiteName":"compuhipermegared","RequestId":"1687bdc8-bbe6-11f0-9465-005056c00008","Kind":"ZipDeploy","Status":"Success","Details":"{\"Id\":\"bf8a5ca4f7eb43e9b94e304092b43288\",\"Status\":4,\"StatusText\":\"\",\"AuthorEmail\":\"N/A\",\"Author\":\"N/A\",\"Message\":\"Created via a push deployment\",\"Progress\":\"\",\"Deployer\":\"ZipDeploy\",\"ReceivedTime\":\"2025-11-07T14:29:22.5602901Z\",\"StartTime\":\"2025-11-07T14:29:22.6852877Z\",\"EndTime\":\"2025-11-07T14:29:23.8259104Z\",\"LastSuccessEndTime\":\"2025-11-07T14:29:23.8259104Z\",\"Complete\":true,\"IsTemporary\":false,\"IsReadOnly\":true,\"SiteName\":\"compuhipermegared\",\"HostName\":\"compuhipermegared-bfa4huctcxhzbdbk.scm.canadacentral-01.azurewebsites.net\",\"ProjectType\":\"BASIC\",\"VsProjectId\":null}"}