<Events><Event><System><Provider Name="IIS AspNetCore Module V2"/><EventID>1032</EventID><Level>4</Level><Task>0</Task><Keywords>Keywords</Keywords><TimeCreated SystemTime="2025-11-07T13:34:35Z"/><EventRecordID>1481654703</EventRecordID><Channel>Application</Channel><Computer>WEBWK000006</Computer><Security/></System><EventData><Data>Application 'C:\home\site\wwwroot\' started successfully.</Data><Data>Process Id: 10200.</Data><Data>File Version: 18.0.25107.16. Description: IIS ASP.NET Core Module V2 Request Handler. Commit: </Data></EventData></Event><Event><System><Provider Name="IIS AspNetCore Module V2"/><EventID>1033</EventID><Level>4</Level><Task>0</Task><Keywords>Keywords</Keywords><TimeCreated SystemTime="2025-11-07T13:36:44Z"/><EventRecordID>1481783843</EventRecordID><Channel>Application</Channel><Computer>WEBWK000006</Computer><Security/></System><EventData><Data>Application 'MACHINE/WEBROOT/APPHOST/COMPUHIPERMEGARED' has shutdown.</Data><Data>Process Id: 10200.</Data><Data>File Version: 18.0.25107.16. Description: IIS ASP.NET Core Module V2 Request Handler. Commit: </Data></EventData></Event><Event><System><Provider Name="IIS AspNetCore Module V2"/><EventID>1032</EventID><Level>4</Level><Task>0</Task><Keywords>Keywords</Keywords><TimeCreated SystemTime="2025-11-07T13:56:17Z"/><EventRecordID>1482957281</EventRecordID><Channel>Application</Channel><Computer>WEBWK000006</Computer><Security/></System><EventData><Data>Application 'C:\home\site\wwwroot\' started successfully.</Data><Data>Process Id: 5960.</Data><Data>File Version: 18.0.25107.16. Description: IIS ASP.NET Core Module V2 Request Handler. Commit: </Data></EventData></Event><Event><System><Provider Name="IIS AspNetCore Module V2"/><EventID>1033</EventID><Level>4</Level><Task>0</Task><Keywords>Keywords</Keywords><TimeCreated SystemTime="2025-11-07T14:24:15Z"/><EventRecordID>1484635312</EventRecordID><Channel>Application</Channel><Computer>WEBWK000006</Computer><Security/></System><EventData><Data>Application 'MACHINE/WEBROOT/APPHOST/COMPUHIPERMEGARED' has shutdown.</Data><Data>Process Id: 5960.</Data><Data>File Version: 18.0.25107.16. Description: IIS ASP.NET Core Module V2 Request Handler. Commit: </Data></EventData></Event><Event><System><Provider Name="IIS AspNetCore Module V2"/><EventID>1032</EventID><Level>4</Level><Task>0</Task><Keywords>Keywords</Keywords><TimeCreated SystemTime="2025-11-07T14:25:47Z"/><EventRecordID>1484726875</EventRecordID><Channel>Application</Channel><Computer>WEBWK000006</Computer><Security/></System><EventData><Data>Application 'C:\home\site\wwwroot\' started successfully.</Data><Data>Process Id: 4948.</Data><Data>File Version: 18.0.25107.16. Description: IIS ASP.NET Core Module V2 Request Handler. Commit: </Data></EventData></Event><Event><System><Provider Name="IIS AspNetCore Module V2"/><EventID>1012</EventID><Level>4</Level><Task>0</Task><Keywords>Keywords</Keywords><TimeCreated SystemTime="2025-11-07T14:29:23Z"/><EventRecordID>1484942765</EventRecordID><Channel>Application</Channel><Computer>WEBWK000006</Computer><Security/></System><EventData><Data>Application 'C:\home\site\wwwroot\' was recycled after detecting app_offline.htm.</Data><Data>Process Id: 4948.</Data><Data>File Version: 18.0.25107.16. Description: IIS ASP.NET Core Module V2 Request Handler. Commit: </Data></EventData></Event><Event><System><Provider Name="IIS AspNetCore Module V2"/><EventID>1033</EventID><Level>4</Level><Task>0</Task><Keywords>Keywords</Keywords><TimeCreated SystemTime="2025-11-07T14:29:23Z"/><EventRecordID>1484942812</EventRecordID><Channel>Application</Channel><Computer>WEBWK000006</Computer><Security/></System><EventData><Data>Application 'MACHINE/WEBROOT/APPHOST/COMPUHIPERMEGARED' has shutdown.</Data><Data>Process Id: 4948.</Data><Data>File Version: 18.0.25107.16. Description: IIS ASP.NET Core Module V2 Request Handler. Commit: </Data></EventData></Event><Event><System><Provider Name="IIS AspNetCore Module V2"/><EventID>1032</EventID><Level>4</Level><Task>0</Task><Keywords>Keywords</Keywords><TimeCreated SystemTime="2025-11-07T14:31:51Z"/><EventRecordID>1485091359</EventRecordID><Channel>Application</Channel><Computer>WEBWK000006</Computer><Security/></System><EventData><Data>Application 'C:\home\site\wwwroot\' started successfully.</Data><Data>Process Id: 3692.</Data><Data>File Version: 18.0.25107.16. Description: IIS ASP.NET Core Module V2 Request Handler. Commit: </Data></EventData></Event><Event><System><Provider Name="IIS AspNetCore Module V2"/><EventID>1033</EventID><Level>4</Level><Task>0</Task><Keywords>Keywords</Keywords><TimeCreated SystemTime="2025-11-07T14:38:21Z"/><EventRecordID>1485481062</EventRecordID><Channel>Application</Channel><Computer>WEBWK000006</Computer><Security/></System><EventData><Data>Application 'MACHINE/WEBROOT/APPHOST/COMPUHIPERMEGARED' has shutdown.</Data><Data>Process Id: 3692.</Data><Data>File Version: 18.0.25107.16. Description: IIS ASP.NET Core Module V2 Request Handler. Commit: </Data></EventData></Event><Event><System><Provider Name="IIS AspNetCore Module V2"/><EventID>1032</EventID><Level>4</Level><Task>0</Task><Keywords>Keywords</Keywords><TimeCreated SystemTime="2025-11-07T14:41:55Z"/><EventRecordID>1485695609</EventRecordID><Channel>Application</Channel><Computer>WEBWK000006</Computer><Security/></System><EventData><Data>Application 'C:\home\site\wwwroot\' started successfully.</Data><Data>Process Id: 11540.</Data><Data>File Version: 18.0.25107.16. Description: IIS ASP.NET Core Module V2 Request Handler. Commit: </Data></EventData></Event><Event><System><Provider Name="IIS AspNetCore Module V2"/><EventID>1033</EventID><Level>4</Level><Task>0</Task><Keywords>Keywords</Keywords><TimeCreated SystemTime="2025-11-07T15:22:53Z"/><EventRecordID>1488153625</EventRecordID><Channel>Application</Channel><Computer>WEBWK000006</Computer><Security/></System><EventData><Data>Application 'MACHINE/WEBROOT/APPHOST/COMPUHIPERMEGARED' has shutdown.</Data><Data>Process Id: 11540.</Data><Data>File Version: 18.0.25107.16. Description: IIS ASP.NET Core Module V2 Request Handler. Commit: </Data></EventData></Event><Event><System><Provider Name="IIS AspNetCore Module V2"/><EventID>1032</EventID><Level>4</Level><Task>0</Task><Keywords>Keywords</Keywords><TimeCreated SystemTime="2025-11-07T15:27:29Z"/><EventRecordID>1488429250</EventRecordID><Channel>Application</Channel><Computer>WEBWK000006</Computer><Security/></System><EventData><Data>Application 'C:\home\site\wwwroot\' started successfully.</Data><Data>Process Id: 10504.</Data><Data>File Version: 18.0.25107.16. Description: IIS ASP.NET Core Module V2 Request Handler. Commit: </Data></EventData></Event><Event><System><Provider Name="IIS AspNetCore Module V2"/><EventID>1033</EventID><Level>4</Level><Task>0</Task><Keywords>Keywords</Keywords><TimeCreated SystemTime="2025-11-07T16:04:27Z"/><EventRecordID>1490647281</EventRecordID><Channel>Application</Channel><Computer>WEBWK000006</Computer><Security/></System><EventData><Data>Application 'MACHINE/WEBROOT/APPHOST/COMPUHIPERMEGARED' has shutdown.</Data><Data>Process Id: 10504.</Data><Data>File Version: 18.0.25107.16. Description: IIS ASP.NET Core Module V2 Request Handler. Commit: </Data></EventData></Event><Event><System><Provider Name="IIS AspNetCore Module V2"/><EventID>1032</EventID><Level>4</Level><Task>0</Task><Keywords>Keywords</Keywords><TimeCreated SystemTime="2025-11-07T16:12:35Z"/><EventRecordID>1491134796</EventRecordID><Channel>Application</Channel><Computer>WEBWK000006</Computer><Security/></System><EventData><Data>Application 'C:\home\site\wwwroot\' started successfully.</Data><Data>Process Id: 7656.</Data><Data>File Version: 18.0.25107.16. Description: IIS ASP.NET Core Module V2 Request Handler. Commit: </Data></EventData></Event><Event><System><Provider Name="IIS AspNetCore Module V2"/><EventID>1033</EventID><Level>4</Level><Task>0</Task><Keywords>Keywords</Keywords><TimeCreated SystemTime="2025-11-07T16:15:45Z"/><EventRecordID>1491325031</EventRecordID><Channel>Application</Channel><Computer>WEBWK000006</Computer><Security/></System><EventData><Data>Application 'MACHINE/WEBROOT/APPHOST/COMPUHIPERMEGARED' has shutdown.</Data><Data>Process Id: 7656.</Data><Data>File Version: 18.0.25107.16. Description: IIS ASP.NET Core Module V2 Request Handler. Commit: </Data></EventData></Event><Event><System><Provider Name="IIS AspNetCore Module V2"/><EventID>1032</EventID><Level>4</Level><Task>0</Task><Keywords>Keywords</Keywords><TimeCreated SystemTime="2025-11-07T16:18:24Z"/><EventRecordID>1491484328</EventRecordID><Channel>Application</Channel><Computer>WEBWK000006</Computer><Security/></System><EventData><Data>Application 'C:\home\site\wwwroot\' started successfully.</Data><Data>Process Id: 10160.</Data><Data>File Version: 18.0.25107.16. Description: IIS ASP.NET Core Module V2 Request Handler. Commit: </Data></EventData></Event><Event><System><Provider Name="IIS AspNetCore Module V2"/><EventID>1033</EventID><Level>4</Level><Task>0</Task><Keywords>Keywords</Keywords><TimeCreated SystemTime="2025-11-07T17:09:22Z"/><EventRecordID>1494542062</EventRecordID><Channel>Application</Channel><Computer>WEBWK000006</Computer><Security/></System><EventData><Data>Application 'MACHINE/WEBROOT/APPHOST/COMPUHIPERMEGARED' has shutdown.</Data><Data>Process Id: 10160.</Data><Data>File Version: 18.0.25107.16. Description: IIS ASP.NET Core Module V2 Request Handler. Commit: </Data></EventData></Event><Event><System><Provider Name="IIS AspNetCore Module V2"/><EventID>1032</EventID><Level>4</Level><Task>0</Task><Keywords>Keywords</Keywords><TimeCreated SystemTime="2025-11-07T19:06:49Z"/><EventRecordID>1501589593</EventRecordID><Channel>Application</Channel><Computer>WEBWK000006</Computer><Security/></System><EventData><Data>Application 'C:\home\site\wwwroot\' started successfully.</Data><Data>Process Id: 9704.</Data><Data>File Version: 18.0.25107.16. Description: IIS ASP.NET Core Module V2 Request Handler. Commit: </Data></EventData></Event><Event><System><Provider Name="IIS AspNetCore Module V2"/><EventID>1012</EventID><Level>4</Level><Task>0</Task><Keywords>Keywords</Keywords><TimeCreated SystemTime="2025-11-07T19:11:34Z"/><EventRecordID>1501874750</EventRecordID><Channel>Application</Channel><Computer>WEBWK000006</Computer><Security/></System><EventData><Data>Application 'C:\home\site\wwwroot\' was recycled after detecting app_offline.htm.</Data><Data>Process Id: 9704.</Data><Data>File Version: 18.0.25107.16. Description: IIS ASP.NET Core Module V2 Request Handler. Commit: </Data></EventData></Event><Event><System><Provider Name="IIS AspNetCore Module V2"/><EventID>1033</EventID><Level>4</Level><Task>0</Task><Keywords>Keywords</Keywords><TimeCreated SystemTime="2025-11-07T19:11:35Z"/><EventRecordID>1501874796</EventRecordID><Channel>Application</Channel><Computer>WEBWK000006</Computer><Security/></System><EventData><Data>Application 'MACHINE/WEBROOT/APPHOST/COMPUHIPERMEGARED' has shutdown.</Data><Data>Process Id: 9704.</Data><Data>File Version: 18.0.25107.16. Description: IIS ASP.NET Core Module V2 Request Handler. Commit: </Data></EventData></Event><Event><System><Provider Name="IIS AspNetCore Module V2"/><EventID>1032</EventID><Level>4</Level><Task>0</Task><Keywords>Keywords</Keywords><TimeCreated SystemTime="2025-11-07T19:12:30Z"/><EventRecordID>1501929781</EventRecordID><Channel>Application</Channel><Computer>WEBWK000006</Computer><Security/></System><EventData><Data>Application 'C:\home\site\wwwroot\' started successfully.</Data><Data>Process Id: 11996.</Data><Data>File Version: 18.0.25107.16. Description: IIS ASP.NET Core Module V2 Request Handler. Commit: </Data></EventData></Event><Event><System><Provider Name="IIS AspNetCore Module V2"/><EventID>1033</EventID><Level>4</Level><Task>0</Task><Keywords>Keywords</Keywords><TimeCreated SystemTime="2025-11-07T19:43:25Z"/><EventRecordID>1503785125</EventRecordID><Channel>Application</Channel><Computer>WEBWK000006</Computer><Security/></System><EventData><Data>Application 'MACHINE/WEBROOT/APPHOST/COMPUHIPERMEGARED' has shutdown.</Data><Data>Process Id: 11996.</Data><Data>File Version: 18.0.25107.16. Description: IIS ASP.NET Core Module V2 Request Handler. Commit: </Data></EventData></Event></Events>