﻿<?xml version="1.0" encoding="utf-8"?>
<deployment>
  <id>bf8a5ca4f7eb43e9b94e304092b43288</id>
  <author>N/A</author>
  <deployer>ZipDeploy</deployer>
  <authorEmail>N/A</authorEmail>
  <message>Created via a push deployment</message>
  <progress></progress>
  <status>Success</status>
  <statusText></statusText>
  <lastSuccessEndTime>2025-11-07T14:29:23.8259104Z</lastSuccessEndTime>
  <receivedTime>2025-11-07T14:29:22.5602901Z</receivedTime>
  <startTime>2025-11-07T14:29:22.6852877Z</startTime>
  <endTime>2025-11-07T14:29:23.8259104Z</endTime>
  <complete>True</complete>
  <is_temp>False</is_temp>
  <is_readonly>True</is_readonly>
  <project_type>BASIC</project_type>
  <vsproject_id></vsproject_id>
</deployment>