﻿<?xml version="1.0" encoding="utf-8"?>
<deployment>
  <id>2ac4d9c67f8d40eaa4641057af5bb971</id>
  <author>N/A</author>
  <deployer>ZipDeploy</deployer>
  <authorEmail>N/A</authorEmail>
  <message>Created via a push deployment</message>
  <progress></progress>
  <status>Success</status>
  <statusText></statusText>
  <lastSuccessEndTime>2025-11-07T16:17:11.4402243Z</lastSuccessEndTime>
  <receivedTime>2025-11-07T16:17:10.018357Z</receivedTime>
  <startTime>2025-11-07T16:17:10.1277279Z</startTime>
  <endTime>2025-11-07T16:17:11.4402243Z</endTime>
  <complete>True</complete>
  <is_temp>False</is_temp>
  <is_readonly>True</is_readonly>
  <project_type>BASIC</project_type>
  <vsproject_id></vsproject_id>
</deployment>