<Events><Event><System><Provider Name="IIS AspNetCore Module V2"/><EventID>1032</EventID><Level>4</Level><Task>0</Task><Keywords>Keywords</Keywords><TimeCreated SystemTime="2025-11-07T13:34:35Z"/><EventRecordID>1481654703</EventRecordID><Channel>Application</Channel><Computer>WEBWK000006</Computer><Security/></System><EventData><Data>Application 'C:\home\site\wwwroot\' started successfully.</Data><Data>Process Id: 10200.</Data><Data>File Version: 18.0.25107.16. Description: IIS ASP.NET Core Module V2 Request Handler. Commit: </Data></EventData></Event><Event><System><Provider Name="IIS AspNetCore Module V2"/><EventID>1033</EventID><Level>4</Level><Task>0</Task><Keywords>Keywords</Keywords><TimeCreated SystemTime="2025-11-07T13:36:44Z"/><EventRecordID>1481783843</EventRecordID><Channel>Application</Channel><Computer>WEBWK000006</Computer><Security/></System><EventData><Data>Application 'MACHINE/WEBROOT/APPHOST/COMPUHIPERMEGARED' has shutdown.</Data><Data>Process Id: 10200.</Data><Data>File Version: 18.0.25107.16. Description: IIS ASP.NET Core Module V2 Request Handler. Commit: </Data></EventData></Event><Event><System><Provider Name="IIS AspNetCore Module V2"/><EventID>1032</EventID><Level>4</Level><Task>0</Task><Keywords>Keywords</Keywords><TimeCreated SystemTime="2025-11-07T13:56:17Z"/><EventRecordID>1482957281</EventRecordID><Channel>Application</Channel><Computer>WEBWK000006</Computer><Security/></System><EventData><Data>Application 'C:\home\site\wwwroot\' started successfully.</Data><Data>Process Id: 5960.</Data><Data>File Version: 18.0.25107.16. Description: IIS ASP.NET Core Module V2 Request Handler. Commit: </Data></EventData></Event><Event><System><Provider Name="IIS AspNetCore Module V2"/><EventID>1033</EventID><Level>4</Level><Task>0</Task><Keywords>Keywords</Keywords><TimeCreated SystemTime="2025-11-07T14:24:15Z"/><EventRecordID>1484635312</EventRecordID><Channel>Application</Channel><Computer>WEBWK000006</Computer><Security/></System><EventData><Data>Application 'MACHINE/WEBROOT/APPHOST/COMPUHIPERMEGARED' has shutdown.</Data><Data>Process Id: 5960.</Data><Data>File Version: 18.0.25107.16. Description: IIS ASP.NET Core Module V2 Request Handler. Commit: </Data></EventData></Event><Event><System><Provider Name="IIS AspNetCore Module V2"/><EventID>1032</EventID><Level>4</Level><Task>0</Task><Keywords>Keywords</Keywords><TimeCreated SystemTime="2025-11-07T14:25:47Z"/><EventRecordID>1484726875</EventRecordID><Channel>Application</Channel><Computer>WEBWK000006</Computer><Security/></System><EventData><Data>Application 'C:\home\site\wwwroot\' started successfully.</Data><Data>Process Id: 4948.</Data><Data>File Version: 18.0.25107.16. Description: IIS ASP.NET Core Module V2 Request Handler. Commit: </Data></EventData></Event><Event><System><Provider Name="IIS AspNetCore Module V2"/><EventID>1012</EventID><Level>4</Level><Task>0</Task><Keywords>Keywords</Keywords><TimeCreated SystemTime="2025-11-07T14:29:23Z"/><EventRecordID>1484942765</EventRecordID><Channel>Application</Channel><Computer>WEBWK000006</Computer><Security/></System><EventData><Data>Application 'C:\home\site\wwwroot\' was recycled after detecting app_offline.htm.</Data><Data>Process Id: 4948.</Data><Data>File Version: 18.0.25107.16. Description: IIS ASP.NET Core Module V2 Request Handler. Commit: </Data></EventData></Event><Event><System><Provider Name="IIS AspNetCore Module V2"/><EventID>1033</EventID><Level>4</Level><Task>0</Task><Keywords>Keywords</Keywords><TimeCreated SystemTime="2025-11-07T14:29:23Z"/><EventRecordID>1484942812</EventRecordID><Channel>Application</Channel><Computer>WEBWK000006</Computer><Security/></System><EventData><Data>Application 'MACHINE/WEBROOT/APPHOST/COMPUHIPERMEGARED' has shutdown.</Data><Data>Process Id: 4948.</Data><Data>File Version: 18.0.25107.16. Description: IIS ASP.NET Core Module V2 Request Handler. Commit: </Data></EventData></Event><Event><System><Provider Name="IIS AspNetCore Module V2"/><EventID>1032</EventID><Level>4</Level><Task>0</Task><Keywords>Keywords</Keywords><TimeCreated SystemTime="2025-11-07T14:31:51Z"/><EventRecordID>1485091359</EventRecordID><Channel>Application</Channel><Computer>WEBWK000006</Computer><Security/></System><EventData><Data>Application 'C:\home\site\wwwroot\' started successfully.</Data><Data>Process Id: 3692.</Data><Data>File Version: 18.0.25107.16. Description: IIS ASP.NET Core Module V2 Request Handler. Commit: </Data></EventData></Event><Event><System><Provider Name="IIS AspNetCore Module V2"/><EventID>1033</EventID><Level>4</Level><Task>0</Task><Keywords>Keywords</Keywords><TimeCreated SystemTime="2025-11-07T14:38:21Z"/><EventRecordID>1485481062</EventRecordID><Channel>Application</Channel><Computer>WEBWK000006</Computer><Security/></System><EventData><Data>Application 'MACHINE/WEBROOT/APPHOST/COMPUHIPERMEGARED' has shutdown.</Data><Data>Process Id: 3692.</Data><Data>File Version: 18.0.25107.16. Description: IIS ASP.NET Core Module V2 Request Handler. Commit: </Data></EventData></Event></Events>