{"TimeStamp":"2025-11-07T19:11:36Z","SiteName":"compuhipermegared","RequestId":"8302e642-bc0d-11f0-ba61-005056c00008","Kind":"ZipDeploy","Status":"Success","Details":"{\"Id\":\"cf99f0753c54498683f5d5568167ef08\",\"Status\":4,\"StatusText\":\"\",\"AuthorEmail\":\"N/A\",\"Author\":\"N/A\",\"Message\":\"Created via a push deployment\",\"Progress\":\"\",\"Deployer\":\"ZipDeploy\",\"ReceivedTime\":\"2025-11-07T19:11:34.410619Z\",\"StartTime\":\"2025-11-07T19:11:34.519997Z\",\"EndTime\":\"2025-11-07T19:11:36.3637383Z\",\"LastSuccessEndTime\":\"2025-11-07T19:11:36.3637383Z\",\"Complete\":true,\"IsTemporary\":false,\"IsReadOnly\":true,\"SiteName\":\"compuhipermegared\",\"HostName\":\"compuhipermegared-bfa4huctcxhzbdbk.scm.canadacentral-01.azurewebsites.net\",\"ProjectType\":\"BASIC\",\"VsProjectId\":null}"}