﻿<?xml version="1.0" encoding="utf-8"?>
<deployment>
  <id>cf99f0753c54498683f5d5568167ef08</id>
  <author>N/A</author>
  <deployer>ZipDeploy</deployer>
  <authorEmail>N/A</authorEmail>
  <message>Created via a push deployment</message>
  <progress></progress>
  <status>Success</status>
  <statusText></statusText>
  <lastSuccessEndTime>2025-11-07T19:11:36.3637383Z</lastSuccessEndTime>
  <receivedTime>2025-11-07T19:11:34.410619Z</receivedTime>
  <startTime>2025-11-07T19:11:34.519997Z</startTime>
  <endTime>2025-11-07T19:11:36.3637383Z</endTime>
  <complete>True</complete>
  <is_temp>False</is_temp>
  <is_readonly>True</is_readonly>
  <project_type>BASIC</project_type>
  <vsproject_id></vsproject_id>
</deployment>